{
  "pools": [
    {
      "rolls": 1,
      "entries": [
        {
          "type": "minecraft:item",
          "name": "paraglider:paraglider",
          "functions": [
            {
              "function": "minecraft:set_nbt",
              "tag": "{display:{color:11546150}}"
            }
          ]
        },
		{
          "type": "minecraft:item",
          "name": "paraglider:paraglider",
          "functions": [
            {
              "function": "minecraft:set_nbt",
              "tag": "{display:{color:16351261}}"
            }
          ]
        },
		{
          "type": "minecraft:item",
          "name": "paraglider:paraglider",
          "functions": [
            {
              "function": "minecraft:set_nbt",
              "tag": "{display:{color:16701501}}"
            }
          ]
        },
		{
          "type": "minecraft:item",
          "name": "paraglider:paraglider",
          "functions": [
            {
              "function": "minecraft:set_nbt",
              "tag": "{display:{color:8439583}}"
            }
          ]
        },
		{
          "type": "minecraft:item",
          "name": "paraglider:paraglider",
          "functions": [
            {
              "function": "minecraft:set_nbt",
              "tag": "{display:{color:6192150}}"
            }
          ]
        },
		{
          "type": "minecraft:item",
          "name": "paraglider:paraglider",
          "functions": [
            {
              "function": "minecraft:set_nbt",
              "tag": "{display:{color:3847130}}"
            }
          ]
        },
		{
          "type": "minecraft:item",
          "name": "paraglider:paraglider",
          "functions": [
            {
              "function": "minecraft:set_nbt",
              "tag": "{display:{color:1481884}}"
            }
          ]
        },
		{
          "type": "minecraft:item",
          "name": "paraglider:paraglider",
          "functions": [
            {
              "function": "minecraft:set_nbt",
              "tag": "{display:{color:3949738}}"
            }
          ]
        },
		{
          "type": "minecraft:item",
          "name": "paraglider:paraglider",
          "functions": [
            {
              "function": "minecraft:set_nbt",
              "tag": "{display:{color:8991416}}"
            }
          ]
        },
		{
          "type": "minecraft:item",
          "name": "paraglider:paraglider",
          "functions": [
            {
              "function": "minecraft:set_nbt",
              "tag": "{display:{color:13061821}}"
            }
          ]
        },
		{
          "type": "minecraft:item",
          "name": "paraglider:paraglider",
          "functions": [
            {
              "function": "minecraft:set_nbt",
              "tag": "{display:{color:15961002}}"
            }
          ]
        },
		{
          "type": "minecraft:item",
          "name": "paraglider:paraglider",
          "functions": [
            {
              "function": "minecraft:set_nbt",
              "tag": "{display:{color:16383998}}"
            }
          ]
        },
		{
          "type": "minecraft:item",
          "name": "paraglider:paraglider",
          "functions": [
            {
              "function": "minecraft:set_nbt",
              "tag": "{display:{color:10329495}}"
            }
          ]
        },
		{
          "type": "minecraft:item",
          "name": "paraglider:paraglider",
          "functions": [
            {
              "function": "minecraft:set_nbt",
              "tag": "{display:{color:4673362}}"
            }
          ]
        },
		{
          "type": "minecraft:item",
          "name": "paraglider:paraglider",
          "functions": [
            {
              "function": "minecraft:set_nbt",
              "tag": "{display:{color:1908001}}"
            }
          ]
        },
		{
          "type": "minecraft:item",
          "name": "paraglider:paraglider",
          "functions": [
            {
              "function": "minecraft:set_nbt",
              "tag": "{display:{color:8606770}}"
            }
          ]
        }
      ]
    }
  ]
}