{
  "parent": "farmersdelight:item/mug",
    "textures": {
        "layer0": "brewinandchewin:item/beer"
  },
  "overrides": [
    {
      "predicate": {
        "eatinganimation:drinking": 1.0,
        "eatinganimation:drink": 0.35
      },
      "model": "eatinganimation:item/bc_beer_eating_0"
    },
    {
      "predicate": {
        "eatinganimation:drinking": 1.0,
        "eatinganimation:drink": 0.7
      },
      "model": "eatinganimation:item/bc_beer_eating_1"
    },
    {
      "predicate": {
        "eatinganimation:drinking": 1.0,
        "eatinganimation:drink": 0.9
      },
      "model": "eatinganimation:item/bc_beer_eating_2"
    }
  ]
}