{
	"credit": "Made by coolbot100s with Blockbench",
	"textures": {
		"0": "block/dripstone_block",
		"particle": "block/dripstone_block"
	},
	"elements": [
		{
			"from": [2, 0, 2],
			"to": [14, 16, 14],
			"faces": {
				"north": {"uv": [0, 0, 8, 16], "texture": "#0"},
				"east": {"uv": [0, 0, 8, 16], "texture": "#0"},
				"south": {"uv": [0, 0, 8, 12], "texture": "#0"},
				"west": {"uv": [0, 0, 8, 16], "texture": "#0"},
				"up": {"uv": [0, 0, 12, 12], "texture": "#0"},
				"down": {"uv": [0, 0, 12, 12], "texture": "#0"}
			}
		},
		{
			"from": [1, -2, 1],
			"to": [4, 3, 4],
			"faces": {
				"north": {"uv": [0, 0, 3, 5], "texture": "#0"},
				"east": {"uv": [0, 0, 3, 5], "texture": "#0"},
				"south": {"uv": [0, 0, 3, 5], "texture": "#0"},
				"west": {"uv": [0, 0, 3, 5], "texture": "#0"},
				"up": {"uv": [0, 0, 3, 3], "texture": "#0"},
				"down": {"uv": [0, 0, 3, 3], "texture": "#0"}
			}
		},
		{
			"from": [12, -2, 1],
			"to": [15, 3, 4],
			"faces": {
				"north": {"uv": [0, 0, 3, 5], "texture": "#0"},
				"east": {"uv": [0, 0, 3, 5], "texture": "#0"},
				"south": {"uv": [0, 0, 3, 5], "texture": "#0"},
				"west": {"uv": [0, 0, 3, 5], "texture": "#0"},
				"up": {"uv": [0, 0, 3, 3], "texture": "#0"},
				"down": {"uv": [0, 0, 3, 3], "texture": "#0"}
			}
		},
		{
			"from": [1, -1, 11],
			"to": [5, 3, 15],
			"faces": {
				"north": {"uv": [0, 0, 4, 4], "texture": "#0"},
				"east": {"uv": [0, 0, 4, 4], "texture": "#0"},
				"south": {"uv": [0, 0, 4, 4], "texture": "#0"},
				"west": {"uv": [0, 0, 4, 4], "texture": "#0"},
				"up": {"uv": [0, 0, 4, 4], "texture": "#0"},
				"down": {"uv": [0, 0, 4, 4], "texture": "#0"}
			}
		},
		{
			"from": [11, -2, 11],
			"to": [15, 3, 15],
			"faces": {
				"north": {"uv": [0, 0, 4, 5], "texture": "#0"},
				"east": {"uv": [0, 0, 4, 5], "texture": "#0"},
				"south": {"uv": [0, 0, 4, 5], "texture": "#0"},
				"west": {"uv": [0, 0, 4, 5], "texture": "#0"},
				"up": {"uv": [0, 0, 4, 4], "texture": "#0"},
				"down": {"uv": [0, 0, 4, 4], "texture": "#0"}
			}
		},
		{
			"from": [3.997, 16, 2],
			"to": [11.997, 19, 14],
			"faces": {
				"north": {"uv": [0, 0, 8, 3], "texture": "#0"},
				"east": {"uv": [0, 0, 12, 3], "texture": "#0"},
				"south": {"uv": [0, 0, 8, 3], "texture": "#0"},
				"west": {"uv": [0, 0, 12, 3], "texture": "#0"},
				"up": {"uv": [0, 0, 8, 12], "texture": "#0"}
			}
		},
		{
			"from": [2, 16, 3.997],
			"to": [14, 18.997, 11.997],
			"faces": {
				"north": {"uv": [0, 0, 12, 2.997], "texture": "#0"},
				"east": {"uv": [0, 0, 8, 2.997], "texture": "#0"},
				"south": {"uv": [0, 0, 12, 2.997], "texture": "#0"},
				"west": {"uv": [0, 0, 8, 2.997], "texture": "#0"},
				"up": {"uv": [0, 0, 8, 12], "rotation": 270, "texture": "#0"}
			}
		},
		{
			"from": [2, 19, 4.997],
			"to": [14, 20.997, 10.997],
			"faces": {
				"north": {"uv": [0, 0, 12, 1.997], "texture": "#0"},
				"east": {"uv": [0, 0, 6, 1.997], "texture": "#0"},
				"south": {"uv": [0, 0, 12, 1.997], "texture": "#0"},
				"west": {"uv": [0, 0, 6, 1.997], "texture": "#0"},
				"up": {"uv": [0, 0, 6, 12], "rotation": 270, "texture": "#0"}
			}
		},
		{
			"from": [3.01, 21, 6],
			"to": [12.99, 22.997, 10],
			"faces": {
				"north": {"uv": [0, 0, 9.98, 1.997], "texture": "#0"},
				"east": {"uv": [0, 0, 4, 1.997], "texture": "#0"},
				"south": {"uv": [0, 0, 9.98, 1.997], "texture": "#0"},
				"west": {"uv": [0, 0, 4, 1.997], "texture": "#0"},
				"up": {"uv": [0, 0, 4, 9.98], "rotation": 270, "texture": "#0"}
			}
		},
		{
			"from": [4.997, 19, 2],
			"to": [10.997, 21, 14],
			"faces": {
				"north": {"uv": [0, 0, 6, 2], "texture": "#0"},
				"east": {"uv": [0, 0, 12, 2], "texture": "#0"},
				"south": {"uv": [0, 0, 6, 2], "texture": "#0"},
				"west": {"uv": [0, 0, 12, 2], "texture": "#0"},
				"up": {"uv": [0, 0, 6, 12], "texture": "#0"}
			}
		},
		{
			"from": [6, 21, 3.01],
			"to": [10, 23, 12.99],
			"faces": {
				"north": {"uv": [0, 0, 4, 2], "texture": "#0"},
				"east": {"uv": [0, 0, 9.98, 2], "texture": "#0"},
				"south": {"uv": [0, 0, 4, 2], "texture": "#0"},
				"west": {"uv": [0, 0, 9.98, 2], "texture": "#0"},
				"up": {"uv": [0, 0, 4, 9.98], "texture": "#0"}
			}
		}
	]
}