{
	"credit": "Made by coolbot100s with Blockbench",
	"textures": {
		"0": "block/dripstone_block",
		"particle": "block/dripstone_block"
	},
	"elements": [
		{
			"from": [3, 0, 3],
			"to": [13, 16, 13],
			"faces": {
				"north": {"uv": [3, 0, 13, 16], "texture": "#0"},
				"east": {"uv": [3, 0, 13, 16], "texture": "#0"},
				"south": {"uv": [3, 0, 13, 16], "texture": "#0"},
				"west": {"uv": [3, 0, 13, 16], "texture": "#0"},
				"up": {"uv": [3, 3, 13, 13], "texture": "#0", "cullface": "up"}
			}
		}
	]
}