{"parent":"minecraft:item/handheld_rod","textures":{"layer0":"betteranimalsplus:items/turkey_leg_cooked"
  },
  "overrides": [
    {
      "predicate": {
        "eatinganimation:eating": 1.0,
        "eatinganimation:eat": 0.15
      },
      "model": "eatinganimation:item/ba_turkey_leg_cooked_eating_0"
    },
    {
      "predicate": {
        "eatinganimation:eating": 1.0,
        "eatinganimation:eat": 0.27
      },
      "model": "eatinganimation:item/ba_turkey_leg_cooked_eating_1"
    },
    {
      "predicate": {
        "eatinganimation:eating": 1.0,
        "eatinganimation:eat": 0.4
      },
      "model": "eatinganimation:item/ba_turkey_leg_cooked_eating_2"
    }
  ]
}