{
  "parent": "item/generated",
  "textures": {
    "layer0": "alexsdelight:item/bunfungus_sandwich"
  },
  "overrides": [
    {
      "predicate": {
        "eatinganimation:eating": 1.0,
        "eatinganimation:eat": 0.35
      },
      "model": "eatinganimation:item/al_bunfungus_sandwich_eating_0"
    },
    {
      "predicate": {
        "eatinganimation:eating": 1.0,
        "eatinganimation:eat": 0.7
      },
      "model": "eatinganimation:item/al_bunfungus_sandwich_eating_1"
    },
    {
      "predicate": {
        "eatinganimation:eating": 1.0,
        "eatinganimation:eat": 0.9
      },
      "model": "eatinganimation:item/al_bunfungus_sandwich_eating_2"
    }
  ]
}