{
  "parent" : "item/generated",
  "textures" : {
    "layer0" : "butterflyfishmod:item/raw_butterfly_fish"
  },
  "overrides": [
    {
      "predicate": {
        "eatinganimation:eating": 1.0,
        "eatinganimation:eat": 0.15
      },
      "model": "eatinganimation:item/bf_raw_butterfly_fish_eating_0"
    },
    {
      "predicate": {
        "eatinganimation:eating": 1.0,
        "eatinganimation:eat": 0.27
      },
      "model": "eatinganimation:item/bf_raw_butterfly_fish_eating_1"
    },
    {
      "predicate": {
        "eatinganimation:eating": 1.0,
        "eatinganimation:eat": 0.4
      },
      "model": "eatinganimation:item/bf_raw_butterfly_fish_eating_2"
    }
  ]
}