{
  "name": "totw_additions:end_tower/end_tower_guardian",
  "fallback": "minecraft:empty",
  "elements": [
    {
      "weight": 1,
      "element": {
        "element_type": "minecraft:single_pool_element",
        "location": "totw_additions:end_tower/end_tower_guardian_shulker",
        "processors": "minecraft:empty",
        "projection": "rigid"
      }
    },
	{
      "weight": 1,
      "element": {
        "element_type": "minecraft:single_pool_element",
        "location": "totw_additions:end_tower/end_tower_guardian_phantom",
        "processors": "minecraft:empty",
        "projection": "rigid"
      }
    }
  ]
}