{
  "type": "village",
  "biomes": "#minecraft:has_structure/end_city",
  "adapt_noise": true,
  "terrain_adaptation": "beard_box",
  "spawn_overrides": {
	  "monster": {
      "bounding_box": "piece",
      "spawns": [
        {
          "type": "minecraft:phantom",
          "weight": 1,
          "minCount": 1,
          "maxCount": 3
        },
		{
          "type": "minecraft:enderman",
          "weight": 20,
          "minCount": 1,
          "maxCount": 2
        }
      ]
    }
  },
  "config": {
	  "start_pool": "totw_additions:end_tower/end_tower_start_waystones",
		"size": 2
  }
}
