{
  "parent": "minecraft:item/generated",
  "textures": {
    "layer0": "corn_delight:item/classic_corn_dog"
  },
  "overrides": [
    {
      "predicate": {
        "eatinganimation:eating": 1.0,
        "eatinganimation:eat": 0.35
      },
      "model": "eatinganimation:item/cd_classic_corn_dog_eating_0"
    },
    {
      "predicate": {
        "eatinganimation:eating": 1.0,
        "eatinganimation:eat": 0.7
      },
      "model": "eatinganimation:item/cd_classic_corn_dog_eating_1"
    },
    {
      "predicate": {
        "eatinganimation:eating": 1.0,
        "eatinganimation:eat": 0.9
      },
      "model": "eatinganimation:item/cd_classic_corn_dog_eating_2"
    }
  ]
}