{
    "parent": "item/generated",
    "textures": {
        "layer0": "aquaculture:item/atlantic_cod"
  },
  "overrides": [
    {
      "predicate": {
        "eatinganimation:eating": 1.0,
        "eatinganimation:eat": 0.35
      },
      "model": "eatinganimation:item/aq_atlantic_cod_eating_0"
    },
    {
      "predicate": {
        "eatinganimation:eating": 1.0,
        "eatinganimation:eat": 0.7
      },
      "model": "eatinganimation:item/aq_atlantic_cod_eating_1"
    },
    {
      "predicate": {
        "eatinganimation:eating": 1.0,
        "eatinganimation:eat": 0.9
      },
      "model": "eatinganimation:item/aq_atlantic_cod_eating_2"
    }
  ]
}