{
  "name": "totw_additions:nether_tower/nether_tower_guardian",
  "fallback": "minecraft:empty",
  "elements": [
    {
      "weight": 150,
      "element": {
        "element_type": "minecraft:single_pool_element",
        "location": "totw_additions:nether_tower/nether_tower_guardian_piglin_brute",
        "processors": "minecraft:empty",
        "projection": "rigid"
      }
    },
	{
      "weight": 150,
      "element": {
        "element_type": "minecraft:single_pool_element",
        "location": "totw_additions:nether_tower/nether_tower_guardian_piglin_brute",
        "processors": "minecraft:empty",
        "projection": "rigid"
      }
    },
	{
      "weight": 33,
      "element": {
        "element_type": "minecraft:single_pool_element",
        "location": "totw_additions:nether_tower/nether_tower_guardian_piglin_brute",
        "processors": "minecraft:empty",
        "projection": "rigid"
      }
    },
    {
      "weight": 150,
      "element": {
        "element_type": "minecraft:single_pool_element",
        "location": "totw_additions:nether_tower/nether_tower_guardian_wither_skele",
        "processors": "minecraft:empty",
        "projection": "rigid"
      }
    },
	{
      "weight": 150,
      "element": {
        "element_type": "minecraft:single_pool_element",
        "location": "totw_additions:nether_tower/nether_tower_guardian_wither_skele",
        "processors": "minecraft:empty",
        "projection": "rigid"
      }
    },
	{
      "weight": 33,
      "element": {
        "element_type": "minecraft:single_pool_element",
        "location": "totw_additions:nether_tower/nether_tower_guardian_wither_skele",
        "processors": "minecraft:empty",
        "projection": "rigid"
      }
    },
    {
      "weight": 150,
      "element": {
        "element_type": "minecraft:single_pool_element",
        "location": "totw_additions:nether_tower/nether_tower_guardian_blaze",
        "processors": "minecraft:empty",
        "projection": "rigid"
      }
    },
	{
      "weight": 150,
      "element": {
        "element_type": "minecraft:single_pool_element",
        "location": "totw_additions:nether_tower/nether_tower_guardian_blaze",
        "processors": "minecraft:empty",
        "projection": "rigid"
      }
    },
	{
      "weight": 33,
      "element": {
        "element_type": "minecraft:single_pool_element",
        "location": "totw_additions:nether_tower/nether_tower_guardian_blaze",
        "processors": "minecraft:empty",
        "projection": "rigid"
      }
    },
    {
      "weight": 1,
      "element": {
        "element_type": "minecraft:single_pool_element",
        "location": "totw_additions:nether_tower/nether_tower_confused_cow",
        "processors": "minecraft:empty",
        "projection": "rigid"
      }
    }
  ]
}