{
  "parent": "minecraft:item/generated",
  "textures": {
    "layer0": "delightful:item/marshmallow_stick"
  },
  "overrides": [
    {
      "predicate": {
        "eatinganimation:eating": 1.0,
        "eatinganimation:eat": 0.35
      },
      "model": "eatinganimation:item/dl_marshmallow_stick_eating_0"
    },
    {
      "predicate": {
        "eatinganimation:eating": 1.0,
        "eatinganimation:eat": 0.7
      },
      "model": "eatinganimation:item/dl_marshmallow_stick_eating_1"
    },
    {
      "predicate": {
        "eatinganimation:eating": 1.0,
        "eatinganimation:eat": 0.9
      },
      "model": "eatinganimation:item/dl_marshmallow_stick_eating_2"
    }
  ]
}